{"1": 0.019254271106514235, "2": 0.020365367383377932, "3": 0.019807831283337744, "4": 0.020687793724737218, "5": 0.019528469289152747, "6": 0.01650601283594434, "7": 0.015242617469070949, "8": 0.014674230205682993, "9": 0.013392272717417181, "10": 0.010630623486143286, "11": 0.010173944320456709, "12": 0.007865811178563208, "13": 0.00744663238452839, "14": 0.007163963307086705, "15": 0.005852742704713839, "16": 0.006760830297154176, "17": 0.0055831058858041216, "18": 0.005604474887802857, "19": 0.006267375708993213, "20": 0.005748587265938675, "21": 0.005243447005859788, "22": 0.007251848046032955, "23": 0.005572876221263652, "24": 0.006441031164216326, "25": 0.007379725316712872, "26": 0.007583734227445936, "27": 0.006698271394326492, "28": 0.008436859683053672, "29": 0.008818663706994424, "30": 0.010373157490089489, "31": 0.011782432787797184, "32": 0.014644944699682211, "33": 0.015568302931902481, "34": 0.016042292221387346, "35": 0.01725260972202928, "36": 0.01961672693490582, "37": 0.019146295912406453, "38": 0.019904067375359075, "39": 0.02051824059475525, "40": 0.024129164926143643, "41": 0.02283618053578586, "42": 0.024989073332261223, "43": 0.02389810698094159, "44": 0.026341419568853285, "45": 0.025702315443552566, "46": 0.02335408387868147, "47": 0.02253823641209444, "48": 0.02154680731341894, "49": 0.02122237232446411, "50": 0.02047731901530313, "51": 0.014910548002980587, "52": 0.017847139233267514}